"ChainID,Resname,PV/BB,NB"
"I1,DT,0.8833333333333333,0.2233333333333333"
"I2,DT,4.463333333333333,0.1366666666666667"
"I3,DC,5.136666666666667,0.11666666666666665"
"I4,DT,5.89,0.34"
"I5,DG,4.033333333333334,0.47"
"I6,DA,2.6166666666666667,0.26333333333333336"
"I7,DG,3.5233333333333334,0.3466666666666667"
"I8,DC,3.9633333333333334,0.20333333333333337"
"I9,DC,4.359999999999999,0.08666666666666667"
"I10,DA,3.3866666666666667,0.11"
"I11,DA,4.736666666666666,0.22333333333333336"
"I12,DT,4.536666666666666,0.3133333333333333"
"I13,DC,4.989999999999999,0.14"
"I14,DA,3.72,0.14666666666666667"
"I15,DC,2.266666666666667,0.09333333333333334"
"I16,DC,2.32,0.08666666666666667"
"I17,DG,3.66,0.22666666666666668"
"I18,DA,3.936666666666667,0.3066666666666667"
"I19,DG,4.803333333333334,0.17666666666666667"
"I20,DC,4.043333333333333,0.14"
"I21,DT,2.486666666666667,0.21666666666666667"
"I22,DC,3.233333333333333,0.14333333333333334"
"I23,DG,5.173333333333333,0.39333333333333337"
"I24,DA,4.833333333333333,0.26333333333333336"
"I25,DT,2.3833333333333333,0.14"
"J-25,DA,0.6733333333333333,0.18000000000000002"
"J-24,DT,4.136666666666667,0.3"
"J-23,DC,6.383333333333333,0.26666666666666666"
"J-22,DG,3.986666666666667,0.7600000000000001"
"J-21,DA,3.4466666666666668,0.4000000000000001"
"J-20,DG,4.16,0.15"
"J-19,DC,2.8966666666666665,0.08"
"J-18,DT,2.7833333333333337,0.16666666666666666"
"J-17,DC,4.699999999999999,0.09333333333333334"
"J-16,DG,5.359999999999999,0.39999999999999997"
"J-15,DG,4.646666666666667,0.33"
"J-14,DT,4.126666666666666,0.1466666666666667"
"J-13,DG,2.8699999999999997,0.25666666666666665"
"J-12,DA,1.5866666666666667,0.23"
"J-11,DT,2.6333333333333333,0.1366666666666667"
"J-10,DT,3.5666666666666664,0.10000000000000002"
"J-9,DG,4.46,0.3866666666666667"
"J-8,DG,5.336666666666666,0.5566666666666666"
"J-7,DC,4.036666666666666,0.21333333333333335"
"J-6,DT,3.033333333333333,0.19333333333333333"
"J-5,DC,5.166666666666667,0.12333333333333334"
"J-4,DA,5.949999999999999,0.13333333333333333"
"J-3,DG,4.87,0.4466666666666667"
"J-2,DA,3.686666666666666,0.2866666666666667"
"J-1,DA,2.8200000000000003,0.43999999999999995"
