"ChainID,Resname,BB,NB"
"A4,DT,1.4666666666666668,0.6333333333333333"
"A5,DG,6.216666666666666,1.4333333333333333"
"A6,DA,4.546666666666667,1.0866666666666667"
"A7,DG,3.65,1.1433333333333333"
"A8,DG,5.033333333333333,0.75"
"A9,DG,4.483333333333333,1.3166666666666667"
"A10,DT,6.776666666666666,2.0233333333333334"
"A11,DG,6.3566666666666665,1.1300000000000001"
"A12,DG,4.4433333333333325,0.4200000000000001"
"A13,DG,5.626666666666666,0.77"
"A14,DT,4.416666666666667,1.6433333333333333"
"A15,DA,2.98,0.7866666666666666"
"A16,DG,3.4933333333333336,0.7399999999999999"
"A17,DG,4.996666666666667,1.24"
"A18,DG,5.383333333333333,1.04"
"A19,DT,5.373333333333334,3.35"
"A20,DG,2.8033333333333332,0.3866666666666667"
"A21,DG,4.64,1.0066666666666666"
"A22,DG,5.913333333333334,1.7633333333333334"
"A23,DG,4.919999999999999,0.9766666666666667"
"A24,DA,3.6,0.5166666666666667"
"A25,DA,2.7833333333333337,2.1966666666666668"
