"ChainID,Resname,BB,NB"
"A31,C,2.983333333333334,0.75"
"A32,U,5.086666666666667,0.7799999999999999"
"A33,C,4.569999999999999,1.1133333333333333"
"A34,U,4.449999999999999,0.68"
"A35,G,3.3866666666666667,0.89"
"A36,U,4.1066666666666665,0.54"
"A37,U,5.793333333333334,0.4633333333333334"
"A38,U,5.386666666666667,0.6066666666666666"
"A39,A,5.073333333333333,1.2233333333333334"
"A40,C,5.176666666666667,0.91"
"A41,C,5.743333333333332,1.62"
"A42,A,4.37,1.1199999999999999"
"A43,G,4.32,1.1566666666666667"
"A44,G,3.8633333333333333,0.41"
"A45,U,3.7133333333333334,0.39999999999999997"
"A46,C,4.54,0.7000000000000001"
"A47,A,3.91,0.4633333333333334"
"A48,G,4.556666666666667,0.79"
"A49,G,4.37,1.0999999999999999"
"A50,U,3.766666666666667,0.4466666666666666"
"A51,C,4.326666666666667,0.36000000000000004"
"A52,C,5.55,0.37333333333333335"
"A53,G,5.240000000000001,0.7599999999999999"
"A54,G,3.5666666666666664,0.8300000000000001"
"A55,A,3.1,0.3866666666666667"
"A56,A,4.75,0.42"
"A57,G,4.543333333333333,0.85"
"A58,G,4.1000000000000005,0.59"
"A59,A,3.73,0.4266666666666667"
"A60,A,4.5200000000000005,0.4566666666666666"
"A61,G,3.6300000000000003,0.5566666666666668"
"A62,C,3.9233333333333333,0.30666666666666664"
"A63,A,4.63,0.3866666666666667"
"A64,G,3.5666666666666664,0.77"
"A65,C,3.203333333333333,0.6066666666666666"
"A66,C,3.9766666666666666,0.3466666666666667"
"A67,A,4.37,0.4133333333333334"
"A68,A,4.076666666666666,0.6"
"A69,G,4.949999999999999,0.5800000000000001"
"A70,G,3.6966666666666668,0.66"
"A71,C,3.9466666666666668,0.4466666666666667"
"A72,A,3.3000000000000003,0.35333333333333333"
"A73,G,3.6799999999999997,0.4766666666666666"
"A74,A,2.1,0.5566666666666666"
