"ChainID,Resname,BB,NB"
"A1,DA,3.3066666666666666,1.4366666666666668"
"A2,DG,4.093333333333334,2.4"
"A3,DA,3.573333333333333,0.6"
"A4,DC,3.0533333333333332,0.22999999999999998"
"A5,DG,1.8433333333333335,0.5466666666666667"
"B1,DC,1.653333333333333,0.39999999999999997"
"B2,DG,7.613333333333333,0.77"
"B3,DT,6.136666666666667,0.7599999999999999"
"B4,DG,2.5566666666666666,0.45"
"B5,DG,4.163333333333333,1.2166666666666668"
"B6,DA,1.9799999999999998,1.3333333333333333"
"C1,DT,1.3133333333333335,0.6166666666666667"
"C2,DC,3.3200000000000003,0.32"
"C3,DC,3.5766666666666667,0.19666666666666666"
"C4,DG,3.1799999999999997,0.29000000000000004"
"C5,DA,1.8633333333333333,0.48"
"D1,DC,4.236666666666666,1.2166666666666668"
"D2,DT,4.4433333333333325,1.1466666666666667"
"D3,DA,3.4133333333333336,0.63"
"D4,DC,3.783333333333333,0.2733333333333334"
"D5,DG,2.1999999999999997,0.5333333333333333"
"E1,DC,1.2266666666666666,0.3566666666666667"
"E2,DG,4.803333333333334,0.52"
"E3,DT,5.579999999999999,0.5066666666666667"
"E4,DG,2.9333333333333336,0.8533333333333332"
"E5,DG,6.996666666666666,2.23"
"E6,DA,3.8833333333333333,2.7000000000000006"
"F1,DT,2.4166666666666665,0.8000000000000002"
"F2,DC,3.9299999999999997,0.6900000000000001"
"F3,DC,3.9466666666666668,0.32"
"F4,DT,3.4033333333333338,0.2866666666666667"
"F5,DC,2.3433333333333333,0.13"
