"ChainID,Resname,BB,NB"
"A1,DC,0.8066666666666666,0.19333333333333336"
"A2,DG,3.8366666666666664,0.37333333333333335"
"A3,DC,3.3699999999999997,0.41333333333333333"
"A4,DA,3.063333333333333,0.4133333333333334"
"A5,DA,4.3,0.59"
"A6,DA,3.8166666666666664,0.11666666666666665"
"A7,DT,2.8433333333333337,0.11666666666666665"
"A8,DT,3.7733333333333334,0.34"
"A9,DG,5.57,2.1966666666666668"
"A10,DG,5.12,0.9199999999999999"
"A11,DC,4.12,0.6366666666666666"
"A12,DG,2.8533333333333335,2.1566666666666667"
"B13,DC,1.7966666666666666,0.5233333333333333"
"B14,DG,4.27,0.5733333333333334"
"B15,DC,4.093333333333333,0.26333333333333336"
"B16,DA,3.626666666666667,0.4466666666666667"
"B17,DA,4.726666666666667,0.20333333333333337"
"B18,DA,3.6366666666666667,0.10000000000000002"
"B19,DT,3.526666666666667,0.10666666666666667"
"B20,DT,3.7733333333333334,0.54"
"B21,DG,6.223333333333334,1.4466666666666665"
"B22,DG,6.010000000000001,0.48333333333333334"
"B23,DC,3.6633333333333327,0.15"
"B24,DG,1.63,0.26666666666666666"
