"ChainID,Resname,BB,NB"
"A1,DC,1.31,0.4366666666666667"
"A2,DG,3.546666666666667,0.6133333333333333"
"A3,DC,4.263333333333334,0.24"
"A4,DG,3.9899999999999998,0.19999999999999998"
"A5,DA,4.05,0.16666666666666666"
"A6,DA,4.66,0.13333333333333333"
"A7,DT,3.08,0.17"
"A8,DT,3.0933333333333333,0.17333333333333334"
"A9,DC,3.606666666666667,0.20333333333333334"
"A10,DG,5.713333333333334,1.1933333333333331"
"A11,DC,7.56,0.5166666666666666"
"A12,DG,3.6566666666666663,0.8266666666666667"
"B13,DC,1.2533333333333332,0.4466666666666667"
"B14,DG,4.386666666666667,0.65"
"B15,DC,4.19,0.42"
"B16,DG,3.496666666666666,0.4066666666666667"
"B17,DA,3.43,0.22999999999999998"
"B18,DA,3.2699999999999996,0.14333333333333334"
"B19,DT,2.9766666666666666,0.14333333333333334"
"B20,DT,3.876666666666667,0.23666666666666666"
"B21,DC,3.77,0.41333333333333333"
"B22,DG,3.52,0.6900000000000001"
"B23,DC,3.36,0.5099999999999999"
"B24,DG,2.99,1.0999999999999999"
