"ChainID,Resname,BB,NB"
"A1,DC,1.5200000000000002,0.6166666666666667"
"A2,DG,3.52,0.51"
"A3,DC,3.9,0.47333333333333333"
"A4,DG,3.4933333333333336,0.43"
"A5,DA,2.86,0.26"
"A6,DA,3.68,0.18000000000000002"
"A7,DT,4.510000000000001,0.28"
"A8,DT,3.8533333333333335,0.40666666666666673"
"A9,DC,4.7700000000000005,0.3133333333333334"
"A10,DG,3.763333333333333,0.7399999999999999"
"A11,DC,4.64,0.21333333333333335"
"A12,DG,4.5,1.4333333333333333"
"B13,DC,0.9033333333333333,0.30000000000000004"
"B14,DG,4.87,0.68"
"B15,DC,5.116666666666666,0.34"
"B16,DG,3.473333333333333,0.39333333333333337"
"B17,DA,3.6300000000000003,0.24"
"B18,DA,3.793333333333333,0.1366666666666667"
"B19,DT,3.2099999999999995,0.09000000000000001"
"B20,DT,4.053333333333334,0.3333333333333333"
"B21,DC,4.91,0.35333333333333333"
"B22,DG,5.1433333333333335,0.6699999999999999"
"B23,DC,4.853333333333333,0.5399999999999999"
"B24,DG,2.1166666666666667,0.9833333333333334"
