"ChainID,Resname,BB,NB"
"A1,G,1.616666666666667,0.5533333333333333"
"A2,G,4.656666666666667,0.82"
"A3,A,7.613333333333333,0.7933333333333333"
"A4,G,8.313333333333333,1.8233333333333333"
"A5,U,7.57,2.25"
"A6,G,3.1,0.5633333333333334"
"A7,G,4.246666666666667,0.17666666666666667"
"A8,U,3.9600000000000004,0.03666666666666667"
"A9,U,3.893333333333333,0.03"
"A10,A,3.596666666666667,0.04"
"A11,G,3.5066666666666664,0.03"
"A12,U,2.94,0.04"
"A13,C,2.47,0.02666666666666667"
"A14,U,3.3066666666666666,0.02"
"A15,A,3.4666666666666663,0.09000000000000001"
"A16,C,4.74,0.1466666666666667"
"A17,G,5.1066666666666665,0.10666666666666667"
"A18,U,5.329999999999999,0.21"
"A19,U,5.650000000000001,0.21333333333333335"
"A20,U,5.146666666666667,3.1333333333333333"
"A21,C,3.516666666666667,0.31333333333333335"
"A22,G,4.843333333333333,0.3866666666666667"
"A23,A,3.966666666666667,0.13"
"A24,C,4.053333333333334,0.09000000000000001"
"A25,G,3.4433333333333334,0.056666666666666664"
"A26,U,3.53,0.02"
"A27,A,3.68,0.05000000000000001"
"A28,G,3.533333333333333,0.06"
"A29,U,2.5433333333333334,0.06"
"A30,U,1.54,0.06"
"A31,C,3.34,0.03"
"A32,U,4.39,0.02"
"A33,A,4.783333333333334,0.08"
"A34,A,4.743333333333333,0.17666666666666667"
"A35,C,4.453333333333333,0.22333333333333336"
"A36,C,2.4200000000000004,0.3333333333333333"
