"ChainID,Resname,BB,NB"
"A1,DC,0.7733333333333333,0.19666666666666666"
"A2,DG,2.7866666666666666,0.3466666666666667"
"A3,DT,4.66,0.32666666666666666"
"A4,DA,4.510000000000001,0.2333333333333333"
"A5,DG,3.0366666666666666,0.23333333333333336"
"A6,DA,2.61,0.18333333333333335"
"A7,DT,3.6666666666666665,0.23333333333333336"
"A8,DC,3.783333333333333,0.12333333333333334"
"A9,DT,4.07,0.17666666666666667"
"A10,DA,4.353333333333333,0.87"
"A11,DC,5.609999999999999,1.82"
"A12,DG,4.033333333333332,1.406666666666667"
"B13,DC,3.1300000000000003,1.3666666666666665"
"B14,DG,3.276666666666667,1.1466666666666665"
"B15,DT,4.013333333333333,0.4066666666666667"
"B16,DA,4.256666666666667,0.5166666666666667"
"B17,DG,4.566666666666666,0.34"
"B18,DA,3.2133333333333334,0.25666666666666665"
"B19,DT,3.03,0.16666666666666666"
"B20,DC,4.516666666666667,0.1466666666666667"
"B21,DT,5.25,0.23"
"B22,DA,3.6266666666666665,0.49"
"B23,DC,3.92,0.23666666666666666"
"B24,DG,3.4866666666666664,0.31"
