"ChainID,Resname,BB,NB"
"A1,DC,1.0266666666666666,0.4633333333333334"
"A2,DG,3.1533333333333338,0.77"
"A3,DC,2.4600000000000004,0.11666666666666665"
"A5,DA,3.15,0.06333333333333334"
"A6,DA,4.079999999999999,0.15333333333333332"
"A7,DT,3.9899999999999998,0.24666666666666667"
"A8,DT,6.713333333333334,0.5566666666666666"
"A9,DA,4.323333333333333,0.44"
"A10,DG,3.92,1.0333333333333334"
"A11,DC,5.4433333333333325,1.1766666666666667"
"A12,DG,2.3666666666666667,0.84"
"B13,DC,3.64,0.6699999999999999"
"B14,DG,5.533333333333334,0.62"
"B15,DC,3.1366666666666667,0.1366666666666667"
"B17,DA,2.9800000000000004,0.09999999999999999"
"B18,DA,3.4766666666666666,0.1366666666666667"
"B19,DT,3.7266666666666666,0.20333333333333337"
"B20,DT,4.823333333333333,0.15333333333333335"
"B21,DA,5.853333333333334,0.43"
"B22,DG,4.076666666666667,0.7533333333333333"
"B23,DC,6.056666666666666,0.8399999999999999"
"B24,DG,3.4766666666666666,0.7966666666666667"
