"ChainID,Resname,BB,NB"
"B1,DC,0.9766666666666666,0.4366666666666667"
"B2,DG,3.6966666666666668,0.4466666666666667"
"B3,DC,4.486666666666667,0.2233333333333333"
"B4,DG,3.6166666666666667,0.22666666666666668"
"B5,DA,4.5633333333333335,0.23666666666666666"
"B6,DA,3.3866666666666667,0.12"
"B7,DT,4.35,0.15333333333333335"
"B8,DT,4.766666666666667,0.15333333333333335"
"B9,DC,3.8699999999999997,0.39999999999999997"
"B10,DG,3.9466666666666668,0.7600000000000001"
"B11,DC,4.966666666666666,0.42"
"B12,DG,4.7299999999999995,0.5133333333333333"
"C13,DC,0.8466666666666667,0.31666666666666665"
"C14,DG,2.5966666666666667,0.6366666666666666"
"C15,DC,4.183333333333334,0.28"
"C16,DG,4.146666666666667,0.26"
"C17,DA,3.5100000000000002,0.18666666666666668"
"C18,DA,3.0,0.15"
"C19,DT,3.236666666666667,0.15333333333333335"
"C20,DT,3.723333333333333,0.21666666666666667"
"C21,DC,4.416666666666667,0.26333333333333336"
"C22,DG,3.24,0.43333333333333335"
"C23,DC,2.603333333333333,0.26"
"C24,DG,2.2533333333333334,0.6866666666666666"
