"ChainID,Resname,BB,NB"
"A-1,U,1.9866666666666666,0.24"
"A1,U,5.866666666666667,0.27"
"A2,G,4.7,0.10666666666666667"
"A3,C,3.9233333333333333,0.12666666666666668"
"A4,C,3.4966666666666666,0.14666666666666667"
"A5,U,4.536666666666666,0.06333333333333334"
"A6,G,5.260000000000001,0.21666666666666667"
"A7,G,4.163333333333334,0.14333333333333334"
"A8,C,3.8800000000000003,0.29333333333333333"
"A9,G,4.323333333333333,0.32"
"A10,G,4.163333333333333,0.4566666666666667"
"A11,C,2.5233333333333334,0.7433333333333333"
"B8,A,2.126666666666667,0.47666666666666674"
"B9,A,3.7099999999999995,0.16"
"B10,C,4.006666666666667,0.24"
"B11,U,3.6199999999999997,0.18333333333333335"
"B12,G,3.4733333333333327,0.06666666666666667"
"B13,C,3.2999999999999994,0.07666666666666666"
"B14,C,3.456666666666667,0.09666666666666668"
"B15,A,3.9599999999999995,0.11666666666666665"
"B16,G,4.050000000000001,0.16"
"B17,G,3.8800000000000003,0.17666666666666667"
"B18,C,3.69,0.15666666666666665"
"B19,A,3.8800000000000003,0.09000000000000001"
"B20,U,2.4566666666666666,0.18000000000000002"
