"ChainID,Resname,BB,NB"
"A1,DG,1.8733333333333333,1.3166666666666667"
"A2,DT,5.580000000000001,0.5933333333333334"
"A3,DG,4.083333333333333,0.5833333333333334"
"A4,DG,2.6199999999999997,0.89"
"A5,DA,4.123333333333334,0.8300000000000001"
"A6,DA,3.6700000000000004,0.3333333333333333"
"A7,DT,4.423333333333333,0.13333333333333333"
"A8,DG,4.03,0.7799999999999999"
"A9,DG,3.516666666666667,0.87"
"A10,DA,4.316666666666666,0.7433333333333333"
"A11,DA,5.276666666666666,1.4333333333333333"
"A12,DC,4.260000000000001,2.3633333333333333"
"B13,DG,2.02,1.5566666666666666"
"B14,DT,5.4799999999999995,0.7466666666666667"
"B15,DG,4.096666666666667,1.5566666666666666"
"B16,DG,3.08,1.3333333333333333"
"B17,DA,2.986666666666667,0.15666666666666665"
"B18,DA,3.9166666666666665,0.09333333333333334"
"B19,DT,4.206666666666666,0.09999999999999999"
"B20,DG,6.06,0.6766666666666667"
"B21,DG,6.933333333333334,1.6933333333333334"
"B22,DA,4.346666666666667,0.3666666666666667"
"B23,DA,4.056666666666667,0.89"
"B24,DC,2.216666666666667,0.5166666666666667"
