"ChainID,Resname,BB,NB"
"A1,U,5.3500000000000005,0.8433333333333334"
"A2,U,6.1433333333333335,1.6566666666666665"
"A3,G,6.516666666666667,1.3066666666666666"
"A4,C,5.88,0.36000000000000004"
"A5,G,4.683333333333334,0.22999999999999998"
"A6,U,3.5733333333333337,0.11666666666666665"
"A7,C,3.6966666666666668,0.12"
"A8,A,3.1533333333333338,0.17"
"A9,C,3.3833333333333333,0.060000000000000005"
"A10,A,3.9933333333333336,0.06"
"A11,C,4.013333333333333,0.06666666666666667"
"A12,C,3.9966666666666666,0.03"
"A13,G,4.023333333333333,0.043333333333333335"
"A14,G,4.05,0.02666666666666667"
"A15,U,4.3133333333333335,0.05333333333333334"
"A16,G,5.373333333333334,0.18000000000000002"
"A17,A,7.1066666666666665,0.77"
"A18,A,4.923333333333334,0.43999999999999995"
"A19,G,4.87,0.36000000000000004"
"A20,U,4.746666666666667,0.19000000000000003"
"A21,C,5.236666666666666,0.25"
"A22,G,4.6033333333333335,0.22666666666666666"
"A23,C,3.266666666666667,0.15333333333333335"
"B25,U,3.5700000000000003,1.4766666666666666"
"B26,G,5.706666666666666,0.6266666666666666"
"B27,C,5.446666666666666,0.30000000000000004"
"B28,G,5.716666666666666,0.2366666666666667"
"B29,U,4.3,0.07333333333333333"
"B30,C,3.1,0.13"
"B31,A,3.2133333333333334,0.26"
"B32,C,4.013333333333334,0.15"
"B33,A,4.34,0.07666666666666667"
"B34,C,4.326666666666667,0.03333333333333333"
"B35,C,4.543333333333333,0.04666666666666667"
"B36,G,4.333333333333333,0.08333333333333333"
"B37,G,4.69,0.02666666666666667"
"B38,U,4.543333333333334,0.023333333333333334"
"B39,G,4.766666666666667,0.11666666666666665"
"B40,A,5.603333333333334,3.8366666666666664"
"B41,A,6.38,2.98"
"B42,G,4.926666666666667,0.32"
"B43,U,5.036666666666666,0.17333333333333334"
"B44,C,6.486666666666667,0.3666666666666667"
"B45,G,5.033333333333333,0.26333333333333336"
"B46,C,2.736666666666667,0.19666666666666668"
