"ChainID,Resname,BB,NB"
"A1,DC,2.6966666666666668,0.9966666666666667"
"A2,DG,4.696666666666666,1.0566666666666666"
"A3,DC,3.74,0.29"
"A4,DG,3.8166666666666664,0.5333333333333333"
"A5,DA,3.676666666666667,0.2333333333333333"
"A6,DA,3.3200000000000003,0.17"
"A7,DT,3.7733333333333334,0.18000000000000002"
"A8,DT,3.856666666666667,0.26666666666666666"
"A9,DT,4.06,0.47"
"A10,DG,3.5433333333333334,0.32666666666666666"
"A11,DC,3.4033333333333338,0.26333333333333336"
"A12,DG,2.216666666666667,1.02"
"B13,DC,1.2933333333333332,0.5666666666666668"
"B14,DG,4.493333333333333,0.54"
"B15,DC,4.12,0.42"
"B16,DG,3.8366666666666664,0.47"
"B17,DA,3.9000000000000004,0.38000000000000006"
"B18,DA,3.596666666666667,0.15666666666666668"
"B19,DT,3.626666666666667,0.17333333333333334"
"B20,DT,4.3999999999999995,0.3066666666666667"
"B21,DT,4.056666666666667,0.19666666666666668"
"B22,DG,3.97,0.6466666666666666"
"B23,DC,4.303333333333334,0.44"
"B24,DG,4.523333333333333,1.3066666666666666"
