"ChainID,Resname,BB,NB"
"A1,G,2.6133333333333333,1.0666666666666667"
"A2,G,5.906666666666666,0.77"
"A3,A,2.8200000000000003,0.22333333333333336"
"A4,C,2.766666666666667,0.25"
"A5,C,3.316666666666667,0.18333333333333335"
"A6,C,4.443333333333333,0.6866666666666665"
"A7,G,5.069999999999999,1.5166666666666666"
"A8,C,4.806666666666666,0.82"
"A9,C,4.126666666666666,0.27"
"A10,A,4.206666666666666,0.22666666666666668"
"A11,C,2.8033333333333332,0.15666666666666665"
"A12,U,2.73,0.09666666666666668"
"A13,G,4.226666666666667,0.16666666666666666"
"A14,C,4.276666666666667,0.12"
"A15,A,4.8933333333333335,0.23"
"A16,G,5.223333333333334,0.38000000000000006"
"A17,A,5.873333333333334,0.5733333333333333"
"A18,G,4.633333333333334,0.6166666666666667"
"A19,A,4.93,0.7000000000000001"
"A20,U,4.456666666666666,0.14"
"A21,G,4.173333333333333,0.18666666666666668"
"A22,C,3.5033333333333334,0.12666666666666668"
"A23,A,2.723333333333333,0.11"
"A24,A,3.92,0.14666666666666667"
"A25,U,4.3966666666666665,0.14"
"A26,C,3.466666666666667,0.24666666666666667"
"A27,C,2.563333333333333,0.32"
"A28,A,3.3800000000000003,0.3333333333333333"
"A29,G,5.316666666666666,0.68"
"A30,U,4.716666666666667,0.7200000000000001"
"A31,G,4.773333333333333,0.22"
"A32,G,4.286666666666666,0.26"
"A33,U,3.84,0.22999999999999998"
"A34,C,3.8200000000000003,0.47000000000000003"
"A35,C,2.296666666666667,0.37333333333333335"
