"ChainID,Resname,BB,NB"
"A1,DC,0.6766666666666666,0.19333333333333336"
"A2,DC,2.7833333333333337,0.15000000000000002"
"A3,DA,4.170000000000001,0.47333333333333333"
"A4,DT,5.6066666666666665,0.22"
"A5,DT,2.8466666666666662,0.12333333333333334"
"A6,DA,3.3433333333333337,0.1366666666666667"
"A7,DT,4.54,0.2333333333333333"
"A8,DA,4.7299999999999995,0.7333333333333334"
"A9,DG,3.8599999999999994,0.69"
"A10,DC,1.9033333333333333,0.39999999999999997"
"B11,DG,0.75,0.5666666666666668"
"B12,DC,3.073333333333333,0.25333333333333335"
"B13,DT,3.6466666666666665,0.15333333333333335"
"B14,DA,3.3866666666666667,0.25333333333333335"
"B15,DT,3.3033333333333332,0.11666666666666668"
"B16,DA,5.093333333333334,0.4066666666666667"
"B17,DA,6.663333333333333,0.29"
"B18,DT,5.183333333333334,0.4066666666666667"
"B19,DG,4.283333333333334,1.5033333333333332"
"B20,DG,2.1733333333333333,1.04"
