"ChainID,Resname,BB,NB"
"A1,DG,1.3033333333333335,1.0866666666666667"
"A2,DG,5.31,1.6433333333333333"
"A4,DA,2.9200000000000004,0.7133333333333333"
"A6,DA,4.246666666666666,0.5233333333333333"
"A7,DC,5.03,0.9666666666666668"
"A8,DC,3.856666666666667,0.77"
"B9,DG,2.2466666666666666,1.5366666666666664"
"B10,DG,4.213333333333334,1.7466666666666668"
"B12,DA,4.483333333333333,0.34"
"B14,DA,4.5633333333333335,1.1133333333333333"
"B15,DC,2.59,0.7633333333333333"
"B16,DC,3.6566666666666663,1.5633333333333335"
