"ChainID,Resname,BB,NB"
"A1,G,1.6533333333333333,0.86"
"A2,G,4.6433333333333335,0.3666666666666667"
"A3,A,4.253333333333334,0.39999999999999997"
"A4,G,4.72,0.25333333333333335"
"A5,A,3.5866666666666664,0.043333333333333335"
"A6,G,3.293333333333333,0.03666666666666667"
"A7,G,3.1733333333333333,0.02"
"A8,A,3.5933333333333333,0.02"
"A9,G,3.573333333333333,0.03"
"A10,G,3.0433333333333334,0.05000000000000001"
"A11,C,2.99,0.05333333333333334"
"A12,A,3.1999999999999997,0.03"
"A13,A,2.93,0.05000000000000001"
"A14,G,3.26,0.04"
"A15,A,2.9066666666666663,0.03"
"A16,U,3.35,0.04"
"A17,G,3.6300000000000003,0.05000000000000001"
"A18,C,5.06,3.02"
"A19,U,3.503333333333334,0.02"
"A20,G,4.266666666666667,0.05000000000000001"
"A21,G,3.653333333333333,0.03"
"A22,C,3.1233333333333335,0.02"
"A23,A,3.28,0.03"
"A24,U,3.49,0.04"
"A25,A,3.09,0.04"
"A26,G,3.47,0.05000000000000001"
"A27,C,3.393333333333333,0.05000000000000001"
"A28,U,2.8766666666666665,0.03"
"A29,G,4.39,0.10333333333333333"
"A30,U,5.076666666666667,0.06333333333333334"
"A31,U,5.25,0.10999999999999999"
"A32,G,5.026666666666666,0.11333333333333334"
"A33,A,6.873333333333334,1.42"
"A34,A,8.31,1.4933333333333334"
"A35,C,8.013333333333334,0.42"
"A36,U,4.8133333333333335,0.6666666666666666"
"A37,G,4.716666666666667,2.9299999999999997"
"A38,G,2.2066666666666666,2.0433333333333334"
"A39,G,2.15,2.0833333333333335"
"A40,A,3.35,0.05000000000000001"
"A41,A,3.4266666666666663,0.06"
"A42,C,3.206666666666667,0.05000000000000001"
"A43,C,3.786666666666667,0.05333333333333334"
"A44,U,4.13,0.04"
"A45,G,4.366666666666666,0.03"
"A46,C,3.49,0.04666666666666667"
"A47,U,2.1366666666666667,0.01"
"A48,A,2.15,0.04"
"A49,U,4.783333333333334,0.05000000000000001"
"A50,G,3.8433333333333337,0.02"
"A51,C,3.123333333333333,0.02"
"A52,C,2.9933333333333336,0.03"
"A53,A,3.1500000000000004,0.03"
"A54,A,2.9,0.05000000000000001"
"A55,C,3.0533333333333332,0.04"
"A56,A,2.2666666666666666,0.03"
"A57,U,2.42,0.04"
"A58,A,2.9599999999999995,0.02"
"A59,U,2.5533333333333332,0.03"
"A60,U,2.5566666666666666,0.03"
"A61,G,2.8800000000000003,0.03"
"A62,C,2.5733333333333333,0.043333333333333335"
"A63,C,3.61,0.03333333333333333"
"A64,A,4.206666666666667,0.05333333333333334"
"A65,U,3.313333333333333,0.03"
"A66,C,3.19,0.043333333333333335"
"A67,U,3.9966666666666666,0.05333333333333334"
"A68,U,4.003333333333334,0.14333333333333334"
"A69,U,4.46,0.15000000000000002"
"A70,C,5.763333333333333,0.20333333333333337"
"A71,C,2.526666666666667,0.20333333333333337"
