"ChainID,Resname,BB,NB"
"A1,DC,0.7133333333333333,0.4266666666666667"
"A2,DC,2.66,0.2933333333333334"
"A3,DT,3.22,0.26"
"A4,DT,4.330000000000001,0.24666666666666667"
"A5,DT,3.0466666666666664,0.17"
"A6,DT,2.7699999999999996,0.4133333333333334"
"A7,DC,2.0533333333333332,0.7433333333333333"
"B8,DG,2.7133333333333334,0.73"
"B9,DA,5.033333333333332,0.37999999999999995"
"B10,DA,3.4166666666666665,0.26333333333333336"
"B11,DA,3.733333333333333,0.41333333333333333"
"B12,DA,3.6466666666666665,0.7066666666666667"
"B13,DG,4.786666666666666,0.6666666666666666"
"B14,DG,3.966666666666667,1.2433333333333334"
