"ChainID,Resname,BB,NB"
"A1,DC,1.3866666666666667,0.37999999999999995"
"A2,DA,5.396666666666666,0.82"
"A3,DG,5.609999999999999,0.45"
"A4,DG,5.396666666666666,0.32666666666666666"
"A5,DG,4.25,0.3133333333333333"
"A6,DA,6.170000000000001,2.9233333333333333"
"A7,DG,3.6300000000000003,0.44999999999999996"
"A8,DG,3.4433333333333334,0.22999999999999998"
"A9,DG,2.52,0.09333333333333334"
"A10,DT,1.6066666666666667,0.1366666666666667"
"B11,DT,2.0866666666666664,0.66"
"B12,DG,3.08,0.47333333333333333"
"B13,DG,2.986666666666667,0.37333333333333335"
"B14,DG,3.1333333333333333,0.20666666666666667"
"B15,DA,2.953333333333333,0.5"
"C16,DT,1.2366666666666666,0.3933333333333333"
"C17,DG,4.586666666666667,0.43333333333333335"
"C18,DG,3.996666666666666,0.5466666666666666"
"C19,DG,6.73,0.5666666666666667"
"C20,DA,2.3966666666666665,0.3866666666666667"
