"ChainID,Resname,BB,NB"
"A1,DC,1.0166666666666666,0.16"
"A2,DG,4.05,0.5066666666666667"
"A3,DC,5.126666666666666,0.2833333333333334"
"A4,DG,4.473333333333333,0.4366666666666667"
"A5,DA,3.64,0.28"
"A6,DA,4.483333333333333,0.3866666666666667"
"A7,DT,3.9033333333333338,0.36000000000000004"
"A9,DC,4.69,0.21"
"A10,DG,4.996666666666667,1.32"
"A11,DC,5.43,0.5766666666666667"
"A12,DG,5.043333333333334,0.7999999999999999"
"B13,DC,0.6933333333333334,0.17666666666666667"
"B14,DG,3.32,0.7533333333333333"
"B15,DC,6.026666666666666,0.45999999999999996"
"B16,DG,5.1499999999999995,0.5333333333333333"
"B17,DA,3.5333333333333337,0.40666666666666673"
"B18,DA,3.2433333333333336,0.47333333333333333"
"B19,DT,3.14,0.5066666666666667"
"B21,DC,3.7699999999999996,0.47"
"B22,DG,3.8366666666666664,0.6866666666666666"
"B23,DC,3.75,0.3666666666666667"
"B24,DG,2.5833333333333335,0.6766666666666666"
