"ChainID,Resname,BB,NB"
"A1,G,2.03,0.58"
"A2,G,5.836666666666667,0.09666666666666666"
"A3,C,5.22,0.04"
"A4,U,4.109999999999999,0.043333333333333335"
"A5,U,3.3333333333333335,0.07333333333333335"
"A6,C,3.8699999999999997,0.17333333333333334"
"A7,A,3.3366666666666664,0.21"
"A8,A,4.64,0.43333333333333335"
"A9,C,8.646666666666667,0.12666666666666668"
"A10,A,7.753333333333334,0.88"
"A11,A,8.826666666666666,2.1366666666666667"
"A12,C,6.263333333333333,0.9633333333333334"
"A13,C,6.573333333333333,0.27666666666666667"
"A14,C,6.703333333333333,0.27666666666666667"
"A15,C,2.3766666666666665,0.6766666666666667"
"A16,G,1.2366666666666666,0.14333333333333334"
"A17,U,3.1833333333333336,0.02"
"A18,A,4.133333333333334,0.06"
"A19,G,3.76,0.06"
"A20,G,3.2066666666666666,0.06333333333333334"
"A21,U,2.84,0.03"
"A22,U,4.976666666666667,0.05000000000000001"
"A23,G,5.303333333333334,0.09000000000000001"
"A24,G,5.4799999999999995,0.10333333333333333"
"A25,G,3.9766666666666666,0.043333333333333335"
"A26,C,4.31,0.06333333333333334"
"A27,C,4.906666666666666,0.08666666666666667"
"A28,G,5.3933333333333335,0.3866666666666667"
"A29,A,7.1499999999999995,1.2666666666666666"
"A30,A,3.6266666666666665,0.1366666666666667"
"A31,A,4.696666666666666,0.09666666666666668"
"A32,G,3.64,0.08"
"A33,G,3.763333333333333,0.02666666666666667"
"A34,C,2.8466666666666662,0.03"
"A35,A,4.52,0.023333333333333334"
"A36,G,2.9766666666666666,0.47000000000000003"
"A37,C,0.9899999999999999,0.08666666666666667"
"A38,G,4.016666666666667,0.6133333333333333"
"A39,A,5.403333333333333,0.043333333333333335"
"A40,A,3.2399999999999998,0.09000000000000001"
"A41,U,3.2833333333333337,0.06333333333333334"
"A42,C,2.3766666666666665,0.04"
"A43,U,3.03,0.03"
"A44,A,3.4866666666666664,0.04"
"A45,C,3.486666666666667,0.05000000000000001"
"A46,U,5.053333333333334,0.023333333333333334"
"A47,G,6.289999999999999,0.13333333333333333"
"A48,G,5.746666666666667,0.13"
"A49,A,4.706666666666667,0.23666666666666666"
"A50,G,4.46,0.19333333333333336"
"A51,C,4.16,0.12666666666666668"
"A52,C,2.706666666666667,0.12666666666666668"
