"ChainID,Resname,BB,NB"
"A1,DC,3.6,1.4933333333333334"
"A2,DG,4.466666666666667,2.0433333333333334"
"A4,DG,4.62,1.7566666666666666"
"A5,DG,6.1066666666666665,4.843333333333333"
"A6,DG,6.093333333333334,2.8466666666666662"
"A7,DC,5.406666666666666,1.2433333333333334"
"A8,DG,3.716666666666667,0.7033333333333333"
"A9,DC,4.173333333333333,1.12"
"A10,DG,3.2733333333333334,2.06"
