"ChainID,Resname,BB,NB"
"B1,DC,0.9566666666666667,0.4133333333333334"
"B2,DG,3.796666666666667,0.82"
"B3,DC,4.45,0.2933333333333334"
"B4,DA,4.1433333333333335,0.17666666666666667"
"B5,DA,4.536666666666666,0.17"
"B6,DA,2.7933333333333334,0.13999999999999999"
"B7,DA,2.866666666666667,0.09999999999999999"
"B8,DA,3.7066666666666666,0.22999999999999998"
"B9,DA,5.386666666666667,0.4066666666666667"
"B10,DG,5.22,0.5333333333333333"
"B11,DC,4.8,0.39333333333333337"
"B12,DG,2.4966666666666666,0.93"
"C13,DC,0.6166666666666667,0.21333333333333335"
"C14,DG,2.1766666666666667,0.45999999999999996"
"C15,DC,3.6733333333333333,0.30000000000000004"
"C16,DT,2.7066666666666666,0.08333333333333333"
"C17,DT,2.58,0.13999999999999999"
"C18,DT,4.726666666666667,0.09999999999999999"
"C19,DT,4.053333333333334,0.09333333333333332"
"C20,DT,3.9433333333333334,0.08666666666666667"
"C21,DT,4.743333333333333,0.25666666666666665"
"C22,DG,4.19,0.9133333333333332"
"C23,DC,3.9466666666666668,0.6733333333333333"
"C24,DG,1.8766666666666667,0.5133333333333333"
