"ChainID,Resname,BB,NB"
"A1,DC,0.7799999999999999,0.35333333333333333"
"A2,DG,4.536666666666666,0.5566666666666666"
"A3,DC,4.47,0.24666666666666667"
"A4,DG,4.306666666666667,0.3333333333333333"
"A5,DA,2.89,0.23333333333333336"
"A6,DA,3.48,0.17666666666666667"
"A7,DT,3.4800000000000004,0.22333333333333336"
"A8,DT,4.623333333333334,0.17"
"A9,DA,4.986666666666667,0.32666666666666666"
"A10,DG,3.7566666666666664,0.4766666666666666"
"A11,DC,3.216666666666667,0.25"
"A12,DG,2.2333333333333334,0.5966666666666667"
"B13,DC,1.1666666666666667,0.2833333333333334"
"B14,DG,4.033333333333334,0.6866666666666666"
"B15,DC,4.1433333333333335,0.35333333333333333"
"B16,DG,2.796666666666667,0.3066666666666667"
"B17,DA,2.966666666666667,0.20666666666666667"
"B18,DA,4.096666666666667,0.12333333333333334"
"B19,DT,4.913333333333333,0.17333333333333334"
"B20,DT,4.359999999999999,0.30333333333333334"
"B21,DA,5.78,0.41"
"B22,DG,3.7899999999999996,0.7000000000000001"
"B23,DC,4.463333333333334,0.5466666666666666"
"B24,DG,5.22,1.0366666666666668"
