"ChainID,Resname,BB,NB"
"A1,DC,0.88,0.7033333333333333"
"A2,DG,2.44,0.6433333333333332"
"A3,DC,5.196666666666666,0.7766666666666667"
"A4,DG,4.616666666666667,0.9633333333333333"
"A5,DA,3.986666666666667,0.6766666666666666"
"A6,DC,4.4366666666666665,0.17666666666666667"
"A7,DC,4.3500000000000005,0.23666666666666666"
"A8,DT,5.543333333333333,1.7933333333333332"
"A9,DC,3.6799999999999997,1.1300000000000001"
"A10,DG,2.8699999999999997,0.3333333333333333"
"A11,DC,4.05,0.7399999999999999"
"A12,DG,3.796666666666667,0.4133333333333334"
"B1,DC,1.7366666666666666,0.5966666666666667"
"B2,DG,6.026666666666666,1.3666666666666665"
"B3,DC,8.606666666666667,1.8333333333333333"
"B4,DG,6.786666666666666,2.9966666666666666"
"B5,DA,2.31,0.4766666666666666"
"B6,DC,1.38,0.4566666666666667"
"B7,DC,2.1633333333333336,0.18333333333333335"
"B8,DT,7.45,1.656666666666667"
"B9,DC,12.493333333333334,0.8633333333333333"
"B10,DG,7.513333333333333,2.3000000000000003"
"B11,DC,9.423333333333334,1.64"
"B12,DG,4.043333333333333,2.1799999999999997"
