"ChainID,Resname,BB,NB"
"A1,DG,1.4866666666666666,0.8099999999999999"
"A2,DG,2.6266666666666665,0.5166666666666667"
"A3,DT,3.0833333333333335,0.20000000000000004"
"A4,DA,4.243333333333333,0.2866666666666667"
"A5,DT,4.246666666666666,0.18000000000000002"
"A6,DA,2.7133333333333334,0.39999999999999997"
"A7,DC,2.7099999999999995,0.43"
"A8,DC,5.08,1.46"
"B9,DG,1.39,0.6966666666666667"
"B10,DG,2.6599999999999997,0.7999999999999999"
"B11,DT,5.003333333333333,0.3466666666666667"
"B12,DA,5.963333333333334,0.34"
"B13,DT,3.7533333333333334,0.37333333333333335"
"B14,DA,2.67,0.4466666666666666"
"B15,DC,2.6966666666666668,0.3133333333333333"
"B16,DC,2.6799999999999997,0.79"
