"ChainID,Resname,BB,NB"
"A1,G,0.5333333333333333,0.056666666666666664"
"A2,U,4.076666666666667,1.4333333333333333"
"A3,G,3.8266666666666667,0.09333333333333334"
"A4,U,3.2900000000000005,0.33666666666666667"
"A5,G,4.973333333333334,0.15666666666666665"
"A6,U,7.426666666666667,0.7566666666666667"
"A7,G,3.563333333333333,0.09333333333333332"
"A8,U,4.293333333333333,0.8099999999999999"
"A9,G,3.9200000000000004,0.043333333333333335"
"A10,U,3.5066666666666664,0.15"
"A11,G,5.596666666666667,0.22666666666666666"
"A12,U,8.633333333333333,1.2733333333333334"
"A13,G,3.1233333333333335,0.06333333333333334"
"A14,U,4.6499999999999995,0.6733333333333333"
"A15,G,3.8866666666666667,0.07333333333333333"
"A16,U,3.6533333333333338,0.18333333333333335"
"A17,G,5.746666666666666,0.18333333333333335"
"A18,U,7.663333333333334,0.9133333333333334"
"A19,G,3.7133333333333334,0.06333333333333334"
"A20,U,4.72,0.7633333333333333"
"A21,G,2.2866666666666666,0.07"
"A22,U,2.153333333333333,0.24"
"A23,G,4.223333333333333,0.12333333333333334"
"A24,U,4.013333333333334,1.0866666666666667"
