"ChainID,Resname,BB,NB"
"A1,G,1.5933333333333335,0.34"
"A2,G,3.97,0.12"
"A3,A,3.0833333333333335,0.11333333333333333"
"A4,C,3.35,0.08333333333333333"
"A5,C,2.91,0.07"
"A6,C,3.1133333333333333,0.05666666666666667"
"A7,G,4.156666666666666,0.16666666666666666"
"A8,G,4.123333333333333,0.1366666666666667"
"A9,G,3.9633333333333334,0.11"
"A10,C,3.0,0.19333333333333336"
"A11,U,4.82,0.64"
"A12,C,4.859999999999999,0.3466666666666667"
"A13,A,4.876666666666666,0.25666666666666665"
"A14,A,3.1199999999999997,0.16"
"A15,C,2.763333333333333,0.07"
"A16,C,2.8733333333333335,0.05333333333333334"
"A17,U,3.276666666666667,0.053333333333333344"
"A18,G,3.5999999999999996,0.1366666666666667"
"A19,G,3.73,0.15000000000000002"
"A20,G,3.856666666666667,0.14"
"A21,U,3.3066666666666666,0.09000000000000001"
"A22,C,3.4633333333333334,0.12"
"A23,C,1.91,0.11666666666666665"
