"ChainID,Resname,BB,NB"
"E1,DC,3.1799999999999997,0.5833333333333334"
"E2,DC,3.7533333333333334,0.9499999999999998"
"E3,DG,2.013333333333333,0.9433333333333334"
"A1,DC,0.7333333333333334,0.16"
"A2,DC,2.9500000000000006,0.2833333333333334"
"A3,DG,1.4633333333333336,0.28"
"B1,DA,0.5333333333333333,0.19333333333333336"
"B2,DT,3.1833333333333336,0.4533333333333333"
"B3,DC,5.176666666666666,0.30000000000000004"
"B4,DG,4.81,0.5"
"B5,DG,3.203333333333333,0.5266666666666667"
"B6,DC,2.9466666666666668,0.48666666666666664"
"B7,DC,3.5933333333333333,0.4833333333333334"
"B8,DG,2.9933333333333336,1.0633333333333332"
"C1,DA,3.3633333333333333,1.2666666666666668"
"C2,DT,4.663333333333333,0.8533333333333334"
"C3,DC,5.333333333333333,0.5233333333333333"
"C4,DG,4.543333333333334,0.5499999999999999"
"C5,DG,1.4666666666666668,0.3266666666666667"
"D1,DA,0.7799999999999999,0.23666666666666666"
"D2,DT,3.0100000000000002,0.47333333333333333"
"D3,DC,5.383333333333333,1.1233333333333333"
"D4,DG,5.363333333333333,2.5900000000000003"
"D5,DG,2.45,1.5666666666666667"
