"ChainID,Resname,BB,NB"
"A1,DG,0.61,0.08"
"A2,DG,2.9299999999999997,0.043333333333333335"
"A3,DG,4.533333333333334,1.0166666666666666"
"A4,DC,3.1,0.06333333333333334"
"A5,DG,3.176666666666667,0.016666666666666666"
"A6,DG,2.3033333333333332,0.03333333333333333"
"A7,DG,2.42,0.02666666666666667"
"A8,DG,3.1033333333333335,0.03333333333333333"
"A9,DA,3.526666666666666,0.53"
"A10,DG,2.8200000000000003,0.01"
"A11,DG,3.563333333333333,0.04666666666666667"
"A12,DG,2.893333333333333,0.043333333333333335"
"A13,DG,2.986666666666667,0.09666666666666666"
"A14,DG,4.433333333333334,0.3066666666666667"
"A15,DA,7.156666666666667,1.8533333333333335"
"A16,DA,5.576666666666667,1.8433333333333335"
"A17,DG,4.793333333333333,0.10333333333333333"
"A18,DG,5.63,0.06666666666666667"
"A19,DG,4.29,0.09999999999999999"
"A20,DA,5.25,0.8566666666666666"
"B1,DG,0.19000000000000003,0.0"
"B2,DG,2.686666666666667,0.03"
"B3,DG,3.0400000000000005,0.2866666666666667"
"B4,DC,2.01,0.08666666666666667"
"B5,DG,2.49,0.04"
"B6,DG,2.1566666666666667,0.0033333333333333335"
"B7,DG,2.063333333333333,0.0"
"B8,DG,2.84,0.06333333333333334"
"B9,DA,3.896666666666667,0.15"
"B10,DG,2.4,0.023333333333333334"
"B11,DG,4.006666666666667,0.07"
"B12,DG,4.423333333333333,0.06666666666666667"
"B13,DG,4.1433333333333335,0.05333333333333334"
"B14,DG,3.4599999999999995,0.15666666666666668"
"B15,DA,6.82,1.916666666666667"
"B16,DA,9.266666666666667,2.626666666666667"
"B17,DG,3.823333333333333,0.07333333333333335"
"B18,DG,3.6199999999999997,0.18333333333333335"
"B19,DG,3.9233333333333333,0.43333333333333335"
"B20,DA,3.0866666666666664,0.30666666666666664"
"C101,POT,0.0,0.0"
"C102,POT,0.0,0.0"
"C103,POT,0.0,0.0"
"C104,POT,0.0,0.0"
"C105,POT,0.0,0.0"
"C106,POT,0.0,0.0"
