"ChainID,Resname,BB,NB"
"A1,DG,1.2633333333333334,0.77"
"A2,DG,3.6933333333333334,1.24"
"A3,DG,4.7,0.7066666666666667"
"A4,DC,4.053333333333334,0.48666666666666664"
"A5,DG,2.703333333333333,0.5566666666666666"
"A6,DC,2.9733333333333327,0.32"
"A7,DC,3.8466666666666662,0.3933333333333333"
"A8,DC,4.5,1.8366666666666667"
"B9,DG,1.0633333333333332,0.6966666666666667"
"B10,DG,5.713333333333334,1.1266666666666667"
"B11,DG,6.983333333333334,0.9866666666666667"
"B12,DC,4.043333333333333,0.6066666666666666"
"B13,DG,4.256666666666667,0.7666666666666666"
"B14,DC,3.733333333333334,0.6633333333333332"
"B15,DC,3.283333333333333,0.6166666666666667"
"B16,DC,2.5,1.8066666666666666"
