"ChainID,Resname,BB,NB"
"A1,G,1.2566666666666668,0.7966666666666665"
"A2,G,3.8666666666666667,0.3033333333333333"
"A3,U,3.9866666666666664,0.07333333333333333"
"A4,G,4.456666666666667,0.12"
"A5,C,4.733333333333333,0.05000000000000001"
"A6,U,4.276666666666666,0.043333333333333335"
"A7,G,3.33,0.06333333333333334"
"A8,U,2.643333333333333,0.016666666666666666"
"A9,U,1.623333333333333,0.01"
"A10,U,1.2466666666666668,0.013333333333333334"
"A11,A,1.32,0.043333333333333335"
"A12,U,2.6999999999999997,0.05333333333333334"
"A13,C,3.41,0.043333333333333335"
"A14,C,3.0500000000000003,0.03333333333333333"
"A15,A,3.8433333333333337,0.05000000000000001"
"A16,U,3.76,0.05333333333333334"
"A17,U,4.223333333333333,0.023333333333333334"
"A18,U,3.28,0.15000000000000002"
"A19,C,4.63,0.15"
"A20,A,8.31,0.52"
"A21,G,5.57,0.47"
"A22,A,4.28,0.22333333333333336"
"A23,A,2.9233333333333333,0.12666666666666668"
"A24,U,3.4633333333333334,0.04666666666666667"
"A25,U,4.353333333333333,0.056666666666666664"
"A26,G,5.4366666666666665,0.07"
"A27,G,4.406666666666666,0.04666666666666667"
"A28,G,4.406666666666667,0.043333333333333335"
"A29,U,4.569999999999999,0.05666666666666667"
"A30,G,4.373333333333334,0.01"
"A31,U,3.8766666666666665,0.4466666666666666"
"A32,C,7.616666666666667,0.05333333333333334"
"A33,G,5.873333333333334,0.016666666666666666"
"A34,A,3.936666666666666,0.03"
"A35,C,3.3033333333333332,0.03"
"A36,A,4.796666666666667,0.04666666666666667"
"A37,U,4.080000000000001,0.023333333333333334"
"A38,A,3.85,0.06"
"A39,G,4.423333333333333,0.19000000000000003"
"A40,C,4.38,0.2733333333333334"
"A41,A,4.8133333333333335,0.35333333333333333"
"A42,C,5.863333333333333,0.3333333333333333"
"A43,C,4.113333333333333,0.5466666666666667"
