"ChainID,Resname,BB,NB"
"A1,DG,4.48,0.9933333333333332"
"A2,DC,6.346666666666667,1.0166666666666668"
"A3,DG,5.613333333333333,1.26"
"A4,DT,5.833333333333333,1.4733333333333334"
"A5,DA,3.1133333333333333,1.1833333333333333"
"A6,DC,5.13,0.85"
"A7,DG,5.476666666666667,2.123333333333333"
"A8,DT,7.663333333333334,2.796666666666667"
"A9,DA,5.666666666666667,0.9400000000000001"
"A10,DC,5.3566666666666665,0.9966666666666667"
"A11,DG,5.696666666666668,2.89"
"A12,DC,5.010000000000001,0.87"
