"ChainID,Resname,BB,NB"
"A1,G,3.0833333333333335,0.5266666666666666"
"A2,C,6.096666666666667,0.42"
"A3,A,3.91,0.32666666666666666"
"A4,G,2.2533333333333334,0.25333333333333335"
"A6,C,2.0733333333333337,0.15"
"A7,U,3.1333333333333333,0.02"
"A8,U,3.7899999999999996,0.01"
"A9,A,4.1433333333333335,0.03"
"A10,A,4.633333333333334,0.03666666666666667"
"A11,G,4.81,0.1366666666666667"
"A12,U,4.3566666666666665,0.08666666666666667"
"A13,C,4.323333333333333,0.036666666666666674"
"A14,U,7.303333333333334,0.08666666666666667"
"A15,G,10.903333333333334,0.45"
"A16,C,4.996666666666667,0.37000000000000005"
"B1,G,1.8499999999999999,0.2833333333333334"
"B2,C,5.890000000000001,0.08"
"B3,A,5.626666666666668,0.22666666666666668"
"B4,G,2.996666666666666,0.19333333333333336"
"B6,C,1.0866666666666667,0.11666666666666665"
"B7,U,1.21,0.03333333333333333"
"B8,U,3.01,0.043333333333333335"
"B9,A,4.986666666666666,0.03"
"B10,A,5.723333333333333,0.05333333333333334"
"B11,G,5.449999999999999,0.19333333333333336"
"B12,U,4.906666666666666,0.15"
"B13,C,4.913333333333334,0.21333333333333335"
"B14,U,4.743333333333333,0.08333333333333333"
"B15,G,5.3566666666666665,0.40666666666666673"
"B16,C,2.99,0.25333333333333335"
"C1,G,2.2733333333333334,1.63"
"C2,C,5.553333333333332,1.36"
"C3,A,4.013333333333334,1.1300000000000001"
"C4,G,3.5399999999999996,1.32"
"C6,C,3.3433333333333337,0.45"
"C7,U,3.4166666666666665,0.07"
"C8,U,3.986666666666667,0.08"
"C9,A,4.416666666666667,0.10666666666666667"
"C10,A,4.08,0.14333333333333334"
"C11,G,4.72,0.43333333333333335"
"C12,U,3.7133333333333334,0.38000000000000006"
"C13,C,2.9333333333333336,0.47333333333333333"
"C14,U,6.323333333333333,0.49"
"C15,G,5.776666666666666,0.62"
"C16,C,3.3366666666666664,0.6666666666666666"
