"ChainID,Resname,BB,NB"
"A1,G,3.533333333333333,0.96"
"A2,G,6.213333333333334,0.4266666666666667"
"A3,C,4.819999999999999,0.42333333333333334"
"A4,G,4.223333333333333,0.11333333333333333"
"A5,U,4.203333333333333,0.06999999999999999"
"A6,U,4.126666666666666,0.10666666666666667"
"A7,U,3.86,0.06"
"A8,U,3.4966666666666666,0.03"
"A9,C,3.313333333333333,0.03333333333333333"
"A10,G,2.9433333333333334,0.06"
"A11,C,3.73,0.13333333333333333"
"A12,U,2.0766666666666667,0.09666666666666668"
"A13,U,3.426666666666667,0.86"
"A14,C,5.36,0.14333333333333334"
"A15,G,9.0,0.6666666666666666"
"A16,G,6.0,0.2733333333333334"
"A17,C,5.763333333333333,0.1366666666666667"
"A18,G,6.196666666666666,0.07333333333333333"
"A19,U,4.743333333333333,0.06"
"A20,U,4.2733333333333325,0.19333333333333336"
"A21,U,3.4133333333333336,0.08333333333333333"
"A22,A,5.056666666666666,0.2966666666666667"
"A23,C,3.9166666666666665,0.29"
"A24,G,3.9133333333333336,0.27"
"A25,C,3.0399999999999996,0.3333333333333333"
"A26,C,1.9766666666666666,0.2233333333333333"
