"ChainID,Resname,BB,NB"
"B1,DC,1.3,0.2733333333333334"
"B2,DG,3.766666666666666,0.4466666666666667"
"B3,DC,3.1533333333333338,0.21666666666666667"
"B4,DA,2.35,0.03333333333333333"
"B5,DA,2.7600000000000002,0.11333333333333333"
"B6,DA,4.723333333333333,0.26333333333333336"
"B7,DT,4.25,0.19333333333333336"
"B8,DT,2.9633333333333334,0.21666666666666667"
"B9,DT,4.966666666666668,0.22333333333333336"
"B10,DG,3.9466666666666668,0.4133333333333334"
"B11,DC,4.676666666666667,0.44"
"B12,DG,5.303333333333334,1.11"
"C13,DC,0.7000000000000001,0.3133333333333334"
"C14,DG,2.9466666666666668,0.7333333333333334"
"C15,DC,5.476666666666667,0.22333333333333336"
"C16,DA,4.753333333333333,0.19333333333333336"
"C17,DA,2.646666666666667,0.20666666666666667"
"C18,DA,3.356666666666667,0.19333333333333333"
"C19,DT,5.373333333333332,0.13"
"C20,DT,4.726666666666667,0.25666666666666665"
"C21,DT,5.043333333333334,0.2066666666666667"
"C22,DG,3.1200000000000006,0.12"
"C23,DC,2.5766666666666667,0.14666666666666667"
"C24,DG,1.72,0.9766666666666666"
