"ChainID,Resname,BB,NB"
"A1,G,1.29,0.07666666666666666"
"A2,G,2.466666666666667,0.03"
"A3,G,4.04,0.53"
"A4,C,6.056666666666666,1.9566666666666663"
"A5,C,6.239999999999999,2.0399999999999996"
"A6,A,5.116666666666666,2.606666666666667"
"A7,U,3.9466666666666668,1.24"
"A8,A,2.6700000000000004,0.22999999999999998"
"A9,G,5.739999999999999,0.19999999999999998"
"A10,G,4.583333333333333,0.03333333333333333"
"A11,G,3.603333333333333,0.37333333333333335"
"A12,U,6.43,1.12"
"A13,G,2.7566666666666664,0.15666666666666665"
"A14,G,4.473333333333334,0.06666666666666667"
"A15,G,5.12,0.34"
"A16,A,5.896666666666667,1.51"
"A17,U,3.856666666666667,0.8166666666666668"
"A18,C,4.03,0.8866666666666667"
"A19,U,5.036666666666666,0.66"
"A20,G,3.4933333333333336,0.19333333333333336"
"A21,G,2.6300000000000003,0.04666666666666667"
"A22,G,3.3466666666666662,0.4566666666666667"
