"ChainID,Resname,BB,NB"
"B7,DG,0.82,0.61"
"B8,DA,3.356666666666667,0.41333333333333333"
"B9,DA,3.9166666666666665,0.4566666666666667"
"B10,DC,4.7700000000000005,0.22"
"B11,DG,3.703333333333333,0.34"
"B12,DA,3.6833333333333336,0.39333333333333337"
"B13,DC,3.3433333333333333,0.14333333333333334"
"B14,DA,4.63,0.25666666666666665"
"B15,DC,4.72,0.1366666666666667"
"B16,DA,3.7466666666666666,0.12333333333333334"
"B17,DG,3.2133333333333334,0.20333333333333337"
"B18,DA,3.096666666666667,0.27"
"B19,DC,3.6833333333333336,0.19666666666666668"
"B20,DG,5.169999999999999,0.5333333333333333"
"B21,DA,3.6666666666666665,0.26"
"B22,DC,4.516666666666667,0.34"
"B23,DG,4.973333333333334,0.24333333333333332"
"B24,DA,4.1866666666666665,0.35333333333333333"
"B25,DC,3.3633333333333333,0.32666666666666666"
"B26,DT,4.216666666666666,0.6966666666666667"
"B27,DC,3.7433333333333336,1.05"
"C28,DT,4.0200000000000005,1.5566666666666666"
"C29,DC,6.1000000000000005,1.17"
"C30,DG,4.420000000000001,1.6166666666666665"
"C31,DA,4.13,0.9766666666666667"
"C32,DG,4.03,0.6"
"C33,DT,4.239999999999999,0.2833333333333334"
"C34,DC,3.9266666666666663,0.12"
"C35,DG,1.1166666666666667,0.2966666666666667"
"D36,DG,0.59,0.17333333333333334"
"D37,DT,2.81,0.25666666666666665"
"D38,DG,4.003333333333333,0.42"
"D39,DT,4.213333333333334,0.36000000000000004"
"D40,DC,6.11,0.24333333333333332"
"D41,DG,4.653333333333333,0.45"
"D42,DT,2.216666666666667,0.5133333333333333"
"A1,DT,1.0566666666666666,0.17333333333333334"
"A2,DC,4.766666666666667,0.24333333333333332"
"A3,DG,3.8300000000000005,0.42"
"A4,DT,3.0066666666666664,0.17"
"A5,DC,3.36,0.1566666666666667"
"A6,DT,1.8433333333333335,0.07666666666666666"
