"ChainID,Resname,BB,NB"
"A1,U,0.66,0.0"
"A2,G,6.63,0.7533333333333333"
"A3,U,3.8733333333333335,0.5466666666666667"
"A4,G,3.0700000000000003,0.4033333333333333"
"A5,G,2.0533333333333332,0.02"
"A6,G,4.253333333333334,0.21333333333333335"
"A7,A,1.0966666666666667,0.0"
"A9,G,1.6766666666666667,0.32666666666666666"
"A10,G,2.6199999999999997,0.02666666666666667"
"A11,G,2.4433333333333334,0.08"
"A12,C,4.126666666666666,1.8166666666666667"
"A13,G,4.433333333333334,1.18"
"A14,G,2.4166666666666665,0.023333333333333334"
"A15,G,2.2733333333333334,0.11666666666666665"
"A16,U,8.366666666666667,0.25333333333333335"
"A17,C,8.513333333333334,2.13"
"A18,U,4.72,0.05000000000000001"
"A19,G,3.75,1.2666666666666666"
"A20,G,4.04,0.06333333333333334"
"A21,G,2.9,0.21666666666666667"
"A22,A,1.6166666666666665,0.48"
"A101,POT,0.22,0.0"
"A102,POT,0.0,0.0"
"A103,POT,0.0,0.0"
