"ChainID,Resname,BB,NB"
"A1,DC,2.5733333333333337,0.7133333333333334"
"A2,DG,5.303333333333334,1.12"
"A3,DC,5.053333333333334,0.27"
"A4,DG,3.7100000000000004,0.4566666666666666"
"A5,DA,3.3699999999999997,0.25333333333333335"
"A6,DA,3.453333333333333,0.22666666666666668"
"A7,DT,3.0833333333333335,0.2233333333333333"
"A8,DT,3.4766666666666666,0.14"
"A9,DC,4.546666666666667,0.27"
"A10,DG,3.563333333333333,0.7366666666666667"
"A11,DC,3.4966666666666666,0.5966666666666667"
"A12,DG,2.393333333333333,0.5833333333333334"
"B13,DC,0.8833333333333333,0.24333333333333332"
"B14,DG,2.723333333333333,0.7366666666666667"
"B15,DC,4.263333333333333,0.44333333333333336"
"B16,DG,5.640000000000001,0.19666666666666666"
"B17,DA,4.346666666666667,0.11333333333333333"
"B18,DA,3.2733333333333334,0.13"
"B19,DT,3.1466666666666665,0.2333333333333333"
"B20,DT,3.0233333333333334,0.36000000000000004"
"B21,DC,3.5866666666666664,0.25"
"B22,DG,3.116666666666667,0.56"
"B23,DC,3.64,0.4066666666666667"
"B24,DG,3.293333333333333,0.7633333333333333"
