"ChainID,Resname,BB,NB"
"A1,DC,1.25,0.45"
"A2,DG,4.88,1.5133333333333334"
"A3,DC,6.583333333333333,1.9799999999999998"
"A4,DT,2.6833333333333336,0.40666666666666673"
"A5,DA,6.073333333333333,0.6266666666666666"
"A6,DG,4.6866666666666665,0.7066666666666667"
"A7,DC,4.0633333333333335,0.34"
"A8,DG,1.8933333333333333,0.8266666666666668"
"B1,DC,1.1633333333333333,0.21666666666666667"
"B2,DG,3.5500000000000003,0.5800000000000001"
"B3,DC,4.036666666666666,0.32"
"B4,DT,5.336666666666667,1.0766666666666667"
"B5,DA,3.0833333333333335,0.2733333333333334"
"B6,DG,4.666666666666667,1.3533333333333335"
"B7,DC,4.873333333333333,1.1566666666666667"
"B8,DG,2.11,1.1033333333333333"
