"ChainID,Resname,BB,NB"
"A84,G,1.7866666666666664,0.8966666666666666"
"A85,G,3.69,0.23333333333333336"
"A86,G,2.9666666666666663,0.10666666666666667"
"A87,U,2.7900000000000005,0.07666666666666666"
"A88,G,3.266666666666667,0.10666666666666667"
"A89,U,3.3033333333333332,0.04666666666666667"
"A90,G,3.9966666666666666,0.10333333333333333"
"A91,G,3.8533333333333335,0.06333333333333334"
"A92,C,3.356666666666667,0.043333333333333335"
"A93,U,3.58,0.06"
"A94,G,3.4066666666666667,0.07"
"A95,U,3.736666666666667,1.1433333333333333"
"A96,C,2.5,0.09666666666666668"
"A97,A,2.92,0.05000000000000001"
"A98,C,4.41,0.08"
"A99,U,4.62,0.036666666666666674"
"A100,C,3.97,0.09333333333333334"
"A101,G,4.566666666666666,0.13"
"A102,G,4.12,0.13999999999999999"
"A103,C,4.72,0.21000000000000005"
"A104,U,4.96,0.1366666666666667"
"A105,G,3.3766666666666665,1.6766666666666667"
"A106,C,4.353333333333334,1.4000000000000001"
"A107,A,6.75,0.48666666666666664"
"A108,U,2.776666666666667,0.16"
"A109,G,3.3800000000000003,0.14333333333333334"
"A110,C,2.796666666666667,0.06"
"A111,U,2.56,0.07"
"A112,U,2.6833333333333336,0.049999999999999996"
"A113,A,2.6533333333333333,0.12666666666666668"
"A114,G,2.5066666666666664,0.04"
"A115,U,2.9600000000000004,0.04"
"A116,G,3.073333333333333,0.04"
"A117,C,2.506666666666667,0.03"
"A118,A,2.566666666666667,0.04"
"A119,C,3.393333333333333,0.06"
"A120,U,3.686666666666667,0.05000000000000001"
"A121,C,2.8533333333333335,0.03666666666666667"
"A122,A,4.573333333333333,0.049999999999999996"
"A123,C,4.906666666666666,0.19666666666666666"
"A124,G,4.786666666666667,0.18666666666666668"
"A125,C,3.8366666666666664,0.18000000000000002"
"A126,C,4.08,0.06333333333333334"
"A127,C,1.6900000000000002,0.08333333333333333"
